word,score
price,8.250674699114782e-05
latest,7.982586952969566e-05
analysis,3.868462434542175e-05
company,3.743627699563049e-05
free,-1.2483473497913123e-06
years,-5.1374983003043225e-06
investment,-0.0003342273859137651
stocks,-0.00033569998988615645
world,-0.00034110181866979137
including,-0.000375368631098039
investors,-0.00038224306385406526
new,-0.00041650987628231295
